Company Name,RevGrp,Site_ID,B2BorC,InOrOut,StoreVehicleHome,EmployeeCount,PartSeasonalOrFullTime,ProductSalesOrServices,WorkSchedule,VeteranFriendly,ZorProvideLeads
1-800 Water Damage,5-Bottom50Percent,Site_2,4 Mostly B2C,2 Mostly in,3 Vehicle location,3 Ten to Nineteen Employees,3 Part-time,3 Prepare and serve food,3 Six days/nights,3 Preference for hiring vets,3 Some by Prospect and Franchise
101 Mobility,5-Bottom50Percent,Site_2,3 Both,2 Mostly in,2 Store or Vehicle location,2 Five to Nine Employees,1 Full-time,1 Sell merchandise,2 Six days,1 Not a factor for me,3 Some by Prospect and Franchise
2 Fellas Moving Company,5-Bottom50Percent,Site_2,4 Mostly B2C,3 Even,2 Store or Vehicle location,2 Five to Nine Employees,1 Full-time,5 Perform services,2 Six days,1 Not a factor for me,2 Mostly by Prospect
911 Restoration,5-Bottom50Percent,Site_2,3 Both,3 Even,2 Store or Vehicle location,3 Ten to Nineteen Employees,1 Full-time,5 Perform services,4 Seven days,2 Mild preference for vets,2 Mostly by Prospect
A Place at Home,5-Bottom50Percent,Site_2,2 Mostly B2B,2 Mostly in,4 Home or vehicle location,1 One to Four Employees,5 Seasonal,4 Mostly perform services,1 Nine-to-Five on weekdays,2 Mild preference for vets,2 Mostly by Prospect
AAMCO,3 Top25Percent,Site_4,4 Mostly B2C,1 Only indoors,1 Store retail location,2 Five to Nine Employees,2 Almost full-time,2 Some merchandise sales,2 Six days,2 Mild preference for vets,2 Mostly by Prospect
Accessible Home Health Care,5-Bottom50Percent,Site_2,5 Only B2C,1 Only indoors,2 Store or Vehicle location,4 Twenty to Forty-nine Employees,1 Full-time,5 Perform services,4 Seven days,2 Mild preference for vets,3 Some by Prospect and Franchise
Ace Hardware,2 Top10Percent,Site_3,5 Only B2C,1 Only indoors,1 Store retail location,3 Ten to Nineteen Employees,1 Full-time,1 Sell merchandise,4 Seven days,2 Mild preference for vets,3 Some by Prospect and Franchise
Acti-Kare,4 Top50Percent,Site_4,5 Only B2C,1 Only indoors,4 Home or vehicle location,5 Fifty+ Employees,1 Full-time,5 Perform services,3 Six days/nights,2 Mild preference for vets,3 Some by Prospect and Franchise
ActionCOACH,5-Bottom50Percent,Site_2,1 Only B2B,1 Only indoors,3 Vehicle location,5 Fifty+ Employees,5 Seasonal,5 Perform services,5 Seven days 24/7,5 Major discounts/benefits to vets,5 All by Franchise
Aether Estate Sales,4 Top50Percent,Site_2,4 Mostly B2C,2 Mostly in,4 Home or vehicle location,2 Five to Nine Employees,1 Full-time,1 Sell merchandise,4 Seven days,1 Not a factor for me,"NA"
Aire-Master,5-Bottom50Percent,Site_2,2 Mostly B2B,1 Only indoors,4 Home or vehicle location,1 One to Four Employees,1 Full-time,5 Perform services,1 Nine-to-Five on weekdays,1 Not a factor for me,3 Some by Prospect and Franchise
Aire Serv,5-Bottom50Percent,Site_3,4 Mostly B2C,3 Even,4 Home or vehicle location,4 Twenty to Forty-nine Employees,4 Semi-seasonal,4 Mostly perform services,4 Seven days,4 Favorable lending to vets,4 Mostly by Franchise
All American Ice Cream & Frozen Yogurt Shop,5-Bottom50Percent,Site_2,5 Only B2C,1 Only indoors,1 Store retail location,2 Five to Nine Employees,1 Full-time,3 Prepare and serve food,4 Seven days,1 Not a factor for me,3 Some by Prospect and Franchise
All County Property Management,4 Top50Percent,Site_3,2 Mostly B2B,2 Mostly in,4 Home or vehicle location,1 One to Four Employees,1 Full-time,5 Perform services,5 Seven days 24/7,1 Not a factor for me,"NA"
"All Tune & Lube, Inc.",3 Top25Percent,Site_4,4 Mostly B2C,2 Mostly in,1 Store retail location,3 Ten to Nineteen Employees,3 Part-time,3 Prepare and serve food,3 Six days/nights,3 Preference for hiring vets,3 Some by Prospect and Franchise
Allstate,1 Top5Percent,Site_3,5 Only B2C,1 Only indoors,4 Home or vehicle location,1 One to Four Employees,1 Full-time,5 Perform services,1 Nine-to-Five on weekdays,1 Not a factor for me,3 Some by Prospect and Franchise
"Allstate - IL, MN, WI",5-Bottom50Percent,Site_3,5 Only B2C,3 Even,2 Store or Vehicle location,3 Ten to Nineteen Employees,3 Part-time,3 Prepare and serve food,3 Six days/nights,3 Preference for hiring vets,3 Some by Prospect and Franchise
Always Best Care Senior Services,5-Bottom50Percent,Site_2,5 Only B2C,1 Only indoors,2 Store or Vehicle location,4 Twenty to Forty-nine Employees,1 Full-time,5 Perform services,4 Seven days,2 Mild preference for vets,3 Some by Prospect and Franchise
American Business Systems,1 Top5Percent,Site_4,1 Only B2B,1 Only indoors,5 Work from home,4 Twenty to Forty-nine Employees,4 Semi-seasonal,4 Mostly perform services,4 Seven days,4 Favorable lending to vets,4 Mostly by Franchise
American Family Care f/k/a Doctor's Express,4 Top50Percent,Site_3,5 Only B2C,1 Only indoors,1 Store retail location,2 Five to Nine Employees,1 Full-time,5 Perform services,4 Seven days,1 Not a factor for me,2 Mostly by Prospect
AmeriSpec Home Inspection Service,4 Top50Percent,Site_3,5 Only B2C,3 Even,4 Home or vehicle location,1 One to Four Employees,1 Full-time,5 Perform services,2 Six days,2 Mild preference for vets,3 Some by Prospect and Franchise
ANDY OnCall,5-Bottom50Percent,Site_3,4 Mostly B2C,2 Mostly in,4 Home or vehicle location,1 One to Four Employees,1 Full-time,5 Perform services,3 Six days/nights,1 Not a factor for me,"NA"
Apricot Lane / Country Clutter,3 Top25Percent,Site_4,5 Only B2C,1 Only indoors,1 Store retail location,3 Ten to Nineteen Employees,3 Part-time,3 Prepare and serve food,3 Six days/nights,3 Preference for hiring vets,3 Some by Prospect and Franchise
"ARC Point / Accudiagnostics Drug, Alcohol & Background Screening",3 Top25Percent,Site_3,1 Only B2B,1 Only indoors,5 Work from home,0 Just myself,3 Part-time,5 Perform services,1 Nine-to-Five on weekdays,1 Not a factor for me,1 All by Prospect
Archadeck,3 Top25Percent,Site_4,2 Mostly B2B,4 Mostly out,4 Home or vehicle location,2 Five to Nine Employees,1 Full-time,5 Perform services,2 Six days,2 Mild preference for vets,2 Mostly by Prospect
ATC Healthcare (sister company of CareBuliders),5-Bottom50Percent,Site_2,2 Mostly B2B,2 Mostly in,4 Home or vehicle location,1 One to Four Employees,5 Seasonal,4 Mostly perform services,1 Nine-to-Five on weekdays,2 Mild preference for vets,"NA"
Background Screeners of America,4 Top50Percent,Site_2,1 Only B2B,1 Only indoors,5 Work from home,1 One to Four Employees,3 Part-time,5 Perform services,1 Nine-to-Five on weekdays,1 Not a factor for me,1 All by Prospect
Baja Fresh Mexican Grill,4 Top50Percent,Site_3,5 Only B2C,1 Only indoors,1 Store retail location,2 Five to Nine Employees,1 Full-time,3 Prepare and serve food,4 Seven days,2 Mild preference for vets,2 Mostly by Prospect
Bartercard,5-Bottom50Percent,Site_2,1 Only B2B,1 Only indoors,4 Home or vehicle location,1 One to Four Employees,3 Part-time,5 Perform services,1 Nine-to-Five on weekdays,1 Not a factor for me,2 Mostly by Prospect
Batteries Plus - America's Battery Experts,5-Bottom50Percent,Site_2,4 Mostly B2C,1 Only indoors,1 Store retail location,2 Five to Nine Employees,1 Full-time,1 Sell merchandise,4 Seven days,1 Not a factor for me,3 Some by Prospect and Franchise
Big Frog Custom T-Shirts,4 Top50Percent,Site_3,3 Both,1 Only indoors,1 Store retail location,2 Five to Nine Employees,1 Full-time,1 Sell merchandise,2 Six days,2 Mild preference for vets,2 Mostly by Prospect
Big O Tires,5-Bottom50Percent,Site_2,4 Mostly B2C,1 Only indoors,1 Store retail location,2 Five to Nine Employees,1 Full-time,1 Sell merchandise,2 Six days,2 Mild preference for vets,3 Some by Prospect and Franchise
BLIMPIE,4 Top50Percent,Site_3,5 Only B2C,1 Only indoors,1 Store retail location,2 Five to Nine Employees,1 Full-time,3 Prepare and serve food,4 Seven days,2 Mild preference for vets,2 Mostly by Prospect
Blo Blow Dry Bar,5-Bottom50Percent,Site_2,5 Only B2C,1 Only indoors,1 Store retail location,2 Five to Nine Employees,1 Full-time,5 Perform services,2 Six days,2 Mild preference for vets,2 Mostly by Prospect
Bloomin' Blinds,4 Top50Percent,Site_4,4 Mostly B2C,1 Only indoors,3 Vehicle location,5 Fifty+ Employees,5 Seasonal,5 Perform services,5 Seven days 24/7,5 Major discounts/benefits to vets,5 All by Franchise
Blue Coast Financial,2 Top10Percent,Site_4,1 Only B2B,1 Only indoors,5 Work from home,1 One to Four Employees,3 Part-time,5 Perform services,1 Nine-to-Five on weekdays,1 Not a factor for me,4 Mostly by Franchise
BodyBrite USA,4 Top50Percent,Site_4,5 Only B2C,1 Only indoors,1 Store retail location,2 Five to Nine Employees,1 Full-time,5 Perform services,3 Six days/nights,"NA","NA"
BrightStar Healthcare,5-Bottom50Percent,Site_2,5 Only B2C,2 Mostly in,4 Home or vehicle location,1 One to Four Employees,1 Full-time,1 Sell merchandise,1 Nine-to-Five on weekdays,1 Not a factor for me,1 All by Prospect
Bristol Group,5-Bottom50Percent,Site_2,3 Both,1 Only indoors,5 Work from home,1 One to Four Employees,1 Full-time,5 Perform services,1 Nine-to-Five on weekdays,1 Not a factor for me,"NA"
"British Swim School, USA",5-Bottom50Percent,Site_3,5 Only B2C,1 Only indoors,1 Store retail location,2 Five to Nine Employees,1 Full-time,5 Perform services,4 Seven days,1 Not a factor for me,2 Mostly by Prospect
Brothers That Just Do Gutters,5-Bottom50Percent,Site_2,2 Mostly B2B,5 Only outdoors,4 Home or vehicle location,1 One to Four Employees,1 Full-time,5 Perform services,2 Six days,2 Mild preference for vets,2 Mostly by Prospect
Brusters Ice Cream,3 Top25Percent,Site_3,5 Only B2C,1 Only indoors,1 Store retail location,3 Ten to Nineteen Employees,1 Full-time,3 Prepare and serve food,4 Seven days,2 Mild preference for vets,2 Mostly by Prospect
Budget Blinds,5-Bottom50Percent,Site_2,4 Mostly B2C,1 Only indoors,3 Vehicle location,3 Ten to Nineteen Employees,3 Part-time,3 Prepare and serve food,3 Six days/nights,3 Preference for hiring vets,3 Some by Prospect and Franchise
Building Kidz School,5-Bottom50Percent,Site_2,5 Only B2C,1 Only indoors,1 Store retail location,3 Ten to Nineteen Employees,1 Full-time,5 Perform services,2 Six days,1 Not a factor for me,2 Mostly by Prospect
Burgerim,4 Top50Percent,Site_2,5 Only B2C,1 Only indoors,1 Store retail location,2 Five to Nine Employees,1 Full-time,3 Prepare and serve food,4 Seven days,2 Mild preference for vets,2 Mostly by Prospect
California Tortilla,4 Top50Percent,Site_3,5 Only B2C,1 Only indoors,1 Store retail location,3 Ten to Nineteen Employees,1 Full-time,1 Sell merchandise,4 Seven days,1 Not a factor for me,"NA"
Capriotti's Sandwich Shops,5-Bottom50Percent,Site_2,5 Only B2C,1 Only indoors,1 Store retail location,2 Five to Nine Employees,1 Full-time,3 Prepare and serve food,4 Seven days,1 Not a factor for me,3 Some by Prospect and Franchise
Care Patrol,5-Bottom50Percent,Site_2,3 Both,1 Only indoors,5 Work from home,1 One to Four Employees,3 Part-time,5 Perform services,1 Nine-to-Five on weekdays,1 Not a factor for me,2 Mostly by Prospect
Caring Matters Home Care,5-Bottom50Percent,Site_2,5 Only B2C,1 Only indoors,2 Store or Vehicle location,4 Twenty to Forty-nine Employees,1 Full-time,5 Perform services,4 Seven days,2 Mild preference for vets,3 Some by Prospect and Franchise
Caring Transitions,1 Top5Percent,Site_4,5 Only B2C,2 Mostly in,4 Home or vehicle location,1 One to Four Employees,1 Full-time,1 Sell merchandise,1 Nine-to-Five on weekdays,1 Not a factor for me,1 All by Prospect
Cellairis Mobile Repairs,5-Bottom50Percent,Site_2,5 Only B2C,1 Only indoors,1 Store retail location,2 Five to Nine Employees,1 Full-time,1 Sell merchandise,4 Seven days,1 Not a factor for me,1 All by Prospect
Centertec,4 Top50Percent,Site_2,5 Only B2C,1 Only indoors,1 Store retail location,2 Five to Nine Employees,1 Full-time,5 Perform services,4 Seven days,1 Not a factor for me,"NA"
CertaPro Painters,5-Bottom50Percent,Site_2,3 Both,3 Even,4 Home or vehicle location,2 Five to Nine Employees,1 Full-time,5 Perform services,1 Nine-to-Five on weekdays,2 Mild preference for vets,3 Some by Prospect and Franchise
Challenge Island,4 Top50Percent,Site_3,5 Only B2C,1 Only indoors,1 Store retail location,2 Five to Nine Employees,1 Full-time,5 Perform services,2 Six days,2 Mild preference for vets,3 Some by Prospect and Franchise
Chem-Dry,3 Top25Percent,Site_4,3 Both,1 Only indoors,2 Store or Vehicle location,2 Five to Nine Employees,2 Almost full-time,2 Some merchandise sales,2 Six days,2 Mild preference for vets,2 Mostly by Prospect
Cherry Blow Dry Bar,5-Bottom50Percent,Site_2,5 Only B2C,1 Only indoors,1 Store retail location,2 Five to Nine Employees,1 Full-time,5 Perform services,4 Seven days,1 Not a factor for me,2 Mostly by Prospect
Christian Brothers Automotive Corp.,5-Bottom50Percent,Site_2,4 Mostly B2C,1 Only indoors,1 Store retail location,2 Five to Nine Employees,1 Full-time,5 Perform services,2 Six days,2 Mild preference for vets,2 Mostly by Prospect
Churro Stix,4 Top50Percent,Site_2,5 Only B2C,3 Even,2 Store or Vehicle location,1 One to Four Employees,1 Full-time,3 Prepare and serve food,4 Seven days,1 Not a factor for me,"NA"
Claimtek,1 Top5Percent,Site_4,5 Only B2C,1 Only indoors,5 Work from home,1 One to Four Employees,1 Full-time,5 Perform services,1 Nine-to-Five on weekdays,1 Not a factor for me,1 All by Prospect
Class 101,4 Top50Percent,Site_3,5 Only B2C,1 Only indoors,5 Work from home,0 Just myself,1 Full-time,5 Perform services,1 Nine-to-Five on weekdays,1 Not a factor for me,"NA"
Closet Factory,5-Bottom50Percent,Site_2,4 Mostly B2C,2 Mostly in,4 Home or vehicle location,4 Twenty to Forty-nine Employees,4 Semi-seasonal,4 Mostly perform services,4 Seven days,4 Favorable lending to vets,4 Mostly by Franchise
Clothes Bin,5-Bottom50Percent,Site_3,3 Both,3 Even,2 Store or Vehicle location,2 Five to Nine Employees,3 Part-time,5 Perform services,2 Six days,2 Mild preference for vets,2 Mostly by Prospect
Club Pilates,2 Top10Percent,Site_4,5 Only B2C,1 Only indoors,1 Store retail location,3 Ten to Nineteen Employees,3 Part-time,3 Prepare and serve food,3 Six days/nights,3 Preference for hiring vets,3 Some by Prospect and Franchise
Club Z Tutoring,4 Top50Percent,Site_3,5 Only B2C,1 Only indoors,1 Store retail location,1 One to Four Employees,1 Full-time,1 Sell merchandise,1 Nine-to-Five on weekdays,1 Not a factor for me,1 All by Prospect
CM IT Solutions Inc.,4 Top50Percent,Site_2,2 Mostly B2B,1 Only indoors,4 Home or vehicle location,1 One to Four Employees,1 Full-time,5 Perform services,1 Nine-to-Five on weekdays,2 Mild preference for vets,2 Mostly by Prospect
"Cold Stone Creamery, Inc.",4 Top50Percent,Site_3,5 Only B2C,1 Only indoors,1 Store retail location,3 Ten to Nineteen Employees,3 Part-time,3 Prepare and serve food,3 Six days/nights,3 Preference for hiring vets,3 Some by Prospect and Franchise
ComForcare Senior Services,1 Top5Percent,Site_4,5 Only B2C,1 Only indoors,4 Home or vehicle location,5 Fifty+ Employees,1 Full-time,5 Perform services,3 Six days/nights,2 Mild preference for vets,3 Some by Prospect and Franchise
Comfort Keepers/CK Franchising,5-Bottom50Percent,Site_2,5 Only B2C,1 Only indoors,2 Store or Vehicle location,4 Twenty to Forty-nine Employees,1 Full-time,5 Perform services,4 Seven days,2 Mild preference for vets,3 Some by Prospect and Franchise
Commercial Capital Training,1 Top5Percent,Site_4,1 Only B2B,1 Only indoors,5 Work from home,1 One to Four Employees,3 Part-time,5 Perform services,1 Nine-to-Five on weekdays,1 Not a factor for me,2 Mostly by Prospect
Companion Connection Senior Care,4 Top50Percent,Site_2,5 Only B2C,1 Only indoors,4 Home or vehicle location,5 Fifty+ Employees,1 Full-time,5 Perform services,3 Six days/nights,2 Mild preference for vets,3 Some by Prospect and Franchise
Concrete Technology Carolinas,5-Bottom50Percent,Site_2,3 Both,3 Even,4 Home or vehicle location,1 One to Four Employees,1 Full-time,5 Perform services,2 Six days,1 Not a factor for me,2 Mostly by Prospect
Coverall Cleaning Concepts,1 Top5Percent,Site_4,1 Only B2B,1 Only indoors,4 Home or vehicle location,2 Five to Nine Employees,2 Almost full-time,2 Some merchandise sales,2 Six days,2 Mild preference for vets,2 Mostly by Prospect
CPR Cell Phone Repair,3 Top25Percent,Site_3,5 Only B2C,1 Only indoors,1 Store retail location,1 One to Four Employees,1 Full-time,5 Perform services,4 Seven days,1 Not a factor for me,1 All by Prospect
Creative World Schools,5-Bottom50Percent,Site_2,5 Only B2C,1 Only indoors,1 Store retail location,3 Ten to Nineteen Employees,1 Full-time,5 Perform services,2 Six days,1 Not a factor for me,2 Mostly by Prospect
Cruise Planners,1 Top5Percent,Site_4,4 Mostly B2C,2 Mostly in,5 Work from home,4 Twenty to Forty-nine Employees,4 Semi-seasonal,4 Mostly perform services,4 Seven days,4 Favorable lending to vets,4 Mostly by Franchise
CTI - Concrete Technology,1 Top5Percent,Site_4,3 Both,5 Only outdoors,4 Home or vehicle location,2 Five to Nine Employees,1 Full-time,5 Perform services,2 Six days,1 Not a factor for me,1 All by Prospect
Daylight Donuts,4 Top50Percent,Site_2,5 Only B2C,1 Only indoors,1 Store retail location,2 Five to Nine Employees,1 Full-time,3 Prepare and serve food,4 Seven days,2 Mild preference for vets,1 All by Prospect
Delta Disaster,5-Bottom50Percent,Site_3,3 Both,1 Only indoors,4 Home or vehicle location,1 One to Four Employees,1 Full-time,5 Perform services,5 Seven days 24/7,1 Not a factor for me,"NA"
Dental Fix Rx,2 Top10Percent,Site_3,1 Only B2B,1 Only indoors,4 Home or vehicle location,2 Five to Nine Employees,1 Full-time,5 Perform services,2 Six days,2 Mild preference for vets,3 Some by Prospect and Franchise
Dickey's Barbecue Pit Restaurants,2 Top10Percent,Site_4,4 Mostly B2C,1 Only indoors,1 Store retail location,1 One to Four Employees,1 Full-time,1 Sell merchandise,1 Nine-to-Five on weekdays,1 Not a factor for me,1 All by Prospect
Discount Party Store,2 Top10Percent,Site_3,5 Only B2C,1 Only indoors,1 Store retail location,3 Ten to Nineteen Employees,1 Full-time,1 Sell merchandise,4 Seven days,1 Not a factor for me,2 Mostly by Prospect
Discovery  Point,5-Bottom50Percent,Site_2,1 Only B2B,2 Mostly in,1 Store retail location,2 Five to Nine Employees,1 Full-time,5 Perform services,1 Nine-to-Five on weekdays,1 Not a factor for me,2 Mostly by Prospect
Dollar Store Services,1 Top5Percent,Site_3,4 Mostly B2C,1 Only indoors,1 Store retail location,3 Ten to Nineteen Employees,1 Full-time,1 Sell merchandise,4 Seven days,1 Not a factor for me,1 All by Prospect
Double Crown Coffee f/k/a Premium Coffee Vending f/k/a Apex Coffee Machines f/k/a Coffee Vending Pros,5-Bottom50Percent,Site_2,5 Only B2C,3 Even,4 Home or vehicle location,0 Just myself,3 Part-time,1 Sell merchandise,1 Nine-to-Five on weekdays,1 Not a factor for me,1 All by Prospect
DreamMaker Bath & Kitchen,5-Bottom50Percent,Site_2,4 Mostly B2C,1 Only indoors,4 Home or vehicle location,1 One to Four Employees,1 Full-time,5 Perform services,2 Six days,1 Not a factor for me,3 Some by Prospect and Franchise
DRNK Coffee / QWENCH Juice Bar,5-Bottom50Percent,Site_4,5 Only B2C,1 Only indoors,1 Store retail location,2 Five to Nine Employees,1 Full-time,3 Prepare and serve food,4 Seven days,1 Not a factor for me,2 Mostly by Prospect
eÂ² Young Engineers f/k/a Young Engineers,1 Top5Percent,Site_3,5 Only B2C,1 Only indoors,"NA",3 Ten to Nineteen Employees,1 Full-time,5 Perform services,1 Nine-to-Five on weekdays,1 Not a factor for me,2 Mostly by Prospect
Elements Theraputic Massage,5-Bottom50Percent,Site_2,5 Only B2C,1 Only indoors,1 Store retail location,2 Five to Nine Employees,1 Full-time,5 Perform services,2 Six days,1 Not a factor for me,3 Some by Prospect and Franchise
Entrepreneur's Source,5-Bottom50Percent,Site_2,4 Mostly B2C,1 Only indoors,5 Work from home,0 Just myself,3 Part-time,5 Perform services,1 Nine-to-Five on weekdays,2 Mild preference for vets,3 Some by Prospect and Franchise
Expedia Cruise Ship Centers,3 Top25Percent,Site_4,1 Only B2B,1 Only indoors,5 Work from home,1 One to Four Employees,3 Part-time,5 Perform services,1 Nine-to-Five on weekdays,1 Not a factor for me,2 Mostly by Prospect
Expense Reduction Analysts,5-Bottom50Percent,Site_3,1 Only B2B,1 Only indoors,5 Work from home,0 Just myself,3 Part-time,5 Perform services,1 Nine-to-Five on weekdays,1 Not a factor for me,1 All by Prospect
Experimac,5-Bottom50Percent,Site_3,4 Mostly B2C,1 Only indoors,1 Store retail location,2 Five to Nine Employees,1 Full-time,5 Perform services,2 Six days,1 Not a factor for me,3 Some by Prospect and Franchise
Express Personnel / Express Employment Professionals,3 Top25Percent,Site_3,1 Only B2B,1 Only indoors,1 Store retail location,3 Ten to Nineteen Employees,1 Full-time,5 Perform services,1 Nine-to-Five on weekdays,2 Mild preference for vets,3 Some by Prospect and Franchise
Extreme Pizza,5-Bottom50Percent,Site_2,5 Only B2C,1 Only indoors,1 Store retail location,3 Ten to Nineteen Employees,1 Full-time,3 Prepare and serve food,4 Seven days,1 Not a factor for me,3 Some by Prospect and Franchise
F45,4 Top50Percent,Site_3,5 Only B2C,1 Only indoors,1 Store retail location,1 One to Four Employees,1 Full-time,5 Perform services,2 Six days,2 Mild preference for vets,2 Mostly by Prospect
fab'rik,5-Bottom50Percent,Site_2,5 Only B2C,1 Only indoors,1 Store retail location,2 Five to Nine Employees,1 Full-time,1 Sell merchandise,4 Seven days,1 Not a factor for me,"NA"
Fantastic Sams,4 Top50Percent,Site_3,5 Only B2C,1 Only indoors,1 Store retail location,1 One to Four Employees,1 Full-time,1 Sell merchandise,1 Nine-to-Five on weekdays,1 Not a factor for me,1 All by Prospect
Farmer Boys Restaurants,5-Bottom50Percent,Site_2,5 Only B2C,1 Only indoors,1 Store retail location,3 Ten to Nineteen Employees,1 Full-time,3 Prepare and serve food,4 Seven days,1 Not a factor for me,3 Some by Prospect and Franchise
Farmers Insurance - CA,5-Bottom50Percent,Site_2,4 Mostly B2C,2 Mostly in,4 Home or vehicle location,1 One to Four Employees,1 Full-time,5 Perform services,1 Nine-to-Five on weekdays,1 Not a factor for me,4 Mostly by Franchise
"Farmers Insurance - CT, NY, NJ, PA, MD, VA, GA",5-Bottom50Percent,Site_2,3 Both,2 Mostly in,2 Store or Vehicle location,1 One to Four Employees,1 Full-time,5 Perform services,1 Nine-to-Five on weekdays,1 Not a factor for me,4 Mostly by Franchise
FASTSIGNS,4 Top50Percent,Site_2,3 Both,4 Mostly out,2 Store or Vehicle location,2 Five to Nine Employees,1 Full-time,5 Perform services,2 Six days,2 Mild preference for vets,3 Some by Prospect and Franchise
Fetch! Pet Care,5-Bottom50Percent,Site_2,5 Only B2C,4 Mostly out,5 Work from home,1 One to Four Employees,1 Full-time,5 Perform services,4 Seven days,4 Favorable lending to vets,"NA"
Fibrenew,5-Bottom50Percent,Site_2,3 Both,3 Even,4 Home or vehicle location,1 One to Four Employees,1 Full-time,5 Perform services,2 Six days,1 Not a factor for me,3 Some by Prospect and Franchise
Filta Fry,5-Bottom50Percent,Site_2,1 Only B2B,2 Mostly in,4 Home or vehicle location,1 One to Four Employees,1 Full-time,5 Perform services,2 Six days,2 Mild preference for vets,2 Mostly by Prospect
Firehouse Subs,4 Top50Percent,Site_2,5 Only B2C,1 Only indoors,1 Store retail location,2 Five to Nine Employees,1 Full-time,3 Prepare and serve food,4 Seven days,2 Mild preference for vets,2 Mostly by Prospect
Firemaster/Master Protection Corporation,5-Bottom50Percent,Site_3,1 Only B2B,2 Mostly in,4 Home or vehicle location,1 One to Four Employees,1 Full-time,1 Sell merchandise,2 Six days,2 Mild preference for vets,2 Mostly by Prospect
Firenza Pizza,4 Top50Percent,Site_3,5 Only B2C,1 Only indoors,1 Store retail location,3 Ten to Nineteen Employees,1 Full-time,3 Prepare and serve food,4 Seven days,2 Mild preference for vets,2 Mostly by Prospect
FirstLight HomeCare,3 Top25Percent,Site_4,5 Only B2C,2 Mostly in,4 Home or vehicle location,1 One to Four Employees,1 Full-time,1 Sell merchandise,1 Nine-to-Five on weekdays,1 Not a factor for me,1 All by Prospect
Fish Window Cleaning Services,5-Bottom50Percent,Site_2,3 Both,5 Only outdoors,4 Home or vehicle location,3 Ten to Nineteen Employees,3 Part-time,3 Prepare and serve food,3 Six days/nights,3 Preference for hiring vets,3 Some by Prospect and Franchise
Fitness 1440,5-Bottom50Percent,Site_4,5 Only B2C,1 Only indoors,1 Store retail location,2 Five to Nine Employees,1 Full-time,5 Perform services,4 Seven days,2 Mild preference for vets,3 Some by Prospect and Franchise
Five Star Painting,5-Bottom50Percent,Site_3,3 Both,5 Only outdoors,4 Home or vehicle location,3 Ten to Nineteen Employees,3 Part-time,3 Prepare and serve food,3 Six days/nights,3 Preference for hiring vets,3 Some by Prospect and Franchise
Fleet Services International,2 Top10Percent,Site_3,1 Only B2B,3 Even,2 Store or Vehicle location,2 Five to Nine Employees,1 Full-time,5 Perform services,1 Nine-to-Five on weekdays,1 Not a factor for me,3 Some by Prospect and Franchise
Franchise Funding Using Your Retirement Plan f/k/a IRA and 401K Retirement Plan Rollover,5-Bottom50Percent,Site_2,5 Only B2C,1 Only indoors,5 Work from home,1 One to Four Employees,1 Full-time,5 Perform services,1 Nine-to-Five on weekdays,1 Not a factor for me,1 All by Prospect
FranServe,3 Top25Percent,Site_2,5 Only B2C,1 Only indoors,5 Work from home,0 Just myself,1 Full-time,5 Perform services,1 Nine-to-Five on weekdays,1 Not a factor for me,"NA"
Free Consultation Request Tier 2,5-Bottom50Percent,Site_2,5 Only B2C,1 Only indoors,5 Work from home,1 One to Four Employees,1 Full-time,5 Perform services,1 Nine-to-Five on weekdays,1 Not a factor for me,1 All by Prospect
Fresh Coat,2 Top10Percent,Site_4,4 Mostly B2C,3 Even,4 Home or vehicle location,1 One to Four Employees,1 Full-time,1 Sell merchandise,1 Nine-to-Five on weekdays,1 Not a factor for me,1 All by Prospect
Fully Promoted f/k/a EmbroidMe,4 Top50Percent,Site_3,2 Mostly B2B,2 Mostly in,2 Store or Vehicle location,2 Five to Nine Employees,1 Full-time,1 Sell merchandise,2 Six days,2 Mild preference for vets,2 Mostly by Prospect
Furniture Medic,4 Top50Percent,Site_3,4 Mostly B2C,2 Mostly in,4 Home or vehicle location,2 Five to Nine Employees,1 Full-time,5 Perform services,2 Six days,1 Not a factor for me,2 Mostly by Prospect
Garage Experts,1 Top5Percent,Site_4,4 Mostly B2C,3 Even,3 Vehicle location,3 Ten to Nineteen Employees,3 Part-time,3 Prepare and serve food,3 Six days/nights,3 Preference for hiring vets,3 Some by Prospect and Franchise
Garage Force,5-Bottom50Percent,Site_2,3 Both,3 Even,4 Home or vehicle location,1 One to Four Employees,3 Part-time,5 Perform services,3 Six days/nights,1 Not a factor for me,1 All by Prospect
Garlic Jim's,4 Top50Percent,Site_2,5 Only B2C,1 Only indoors,1 Store retail location,3 Ten to Nineteen Employees,1 Full-time,1 Sell merchandise,4 Seven days,1 Not a factor for me,"NA"
Glass Doctor,5-Bottom50Percent,Site_3,4 Mostly B2C,4 Mostly out,3 Vehicle location,3 Ten to Nineteen Employees,3 Part-time,3 Prepare and serve food,3 Six days/nights,3 Preference for hiring vets,3 Some by Prospect and Franchise
"Glass Guru, The",4 Top50Percent,Site_4,4 Mostly B2C,2 Mostly in,4 Home or vehicle location,1 One to Four Employees,1 Full-time,5 Perform services,1 Nine-to-Five on weekdays,1 Not a factor for me,"NA"
Global Broker Systems,3 Top25Percent,Site_2,1 Only B2B,1 Only indoors,5 Work from home,1 One to Four Employees,1 Full-time,5 Perform services,1 Nine-to-Five on weekdays,4 Favorable lending to vets,"NA"
Go Telecare,3 Top25Percent,Site_4,1 Only B2B,1 Only indoors,5 Work from home,1 One to Four Employees,1 Full-time,5 Perform services,1 Nine-to-Five on weekdays,1 Not a factor for me,"NA"
Golden Heart Senior Care,3 Top25Percent,Site_3,5 Only B2C,1 Only indoors,4 Home or vehicle location,5 Fifty+ Employees,1 Full-time,5 Perform services,3 Six days/nights,2 Mild preference for vets,3 Some by Prospect and Franchise
GoliathTech,3 Top25Percent,Site_3,4 Mostly B2C,5 Only outdoors,3 Vehicle location,3 Ten to Nineteen Employees,3 Part-time,3 Prepare and serve food,3 Six days/nights,3 Preference for hiring vets,3 Some by Prospect and Franchise
Got Produce?,5-Bottom50Percent,Site_0,3 Both,2 Mostly in,2 Store or Vehicle location,2 Five to Nine Employees,1 Full-time,1 Sell merchandise,2 Six days,1 Not a factor for me,2 Mostly by Prospect
Granite Transformations,5-Bottom50Percent,Site_2,3 Both,1 Only indoors,4 Home or vehicle location,1 One to Four Employees,1 Full-time,5 Perform services,2 Six days,1 Not a factor for me,2 Mostly by Prospect
"Great Clips, Inc.",4 Top50Percent,Site_2,5 Only B2C,1 Only indoors,1 Store retail location,2 Five to Nine Employees,1 Full-time,4 Mostly perform services,4 Seven days,1 Not a factor for me,"NA"
"Great Steak & Potato Company, The",4 Top50Percent,Site_3,5 Only B2C,1 Only indoors,1 Store retail location,1 One to Four Employees,1 Full-time,1 Sell merchandise,1 Nine-to-Five on weekdays,1 Not a factor for me,1 All by Prospect
Green Building Advisors,5-Bottom50Percent,Site_2,1 Only B2B,1 Only indoors,5 Work from home,1 One to Four Employees,1 Full-time,5 Perform services,1 Nine-to-Five on weekdays,1 Not a factor for me,"NA"
Grip N Shine,4 Top50Percent,Site_2,5 Only B2C,2 Mostly in,4 Home or vehicle location,1 One to Four Employees,2 Almost full-time,5 Perform services,1 Nine-to-Five on weekdays,1 Not a factor for me,2 Mostly by Prospect
Griswold Special Care,5-Bottom50Percent,Site_2,5 Only B2C,1 Only indoors,2 Store or Vehicle location,4 Twenty to Forty-nine Employees,1 Full-time,5 Perform services,4 Seven days,2 Mild preference for vets,3 Some by Prospect and Franchise
"Grounds Guys, The",4 Top50Percent,Site_4,4 Mostly B2C,3 Even,4 Home or vehicle location,4 Twenty to Forty-nine Employees,4 Semi-seasonal,4 Mostly perform services,4 Seven days,4 Favorable lending to vets,4 Mostly by Franchise
Growth Coach,4 Top50Percent,Site_2,1 Only B2B,1 Only indoors,4 Home or vehicle location,0 Just myself,1 Full-time,5 Perform services,1 Nine-to-Five on weekdays,2 Mild preference for vets,2 Mostly by Prospect
Guidant Financial Group,2 Top10Percent,Site_3,5 Only B2C,1 Only indoors,5 Work from home,1 One to Four Employees,1 Full-time,5 Perform services,1 Nine-to-Five on weekdays,1 Not a factor for me,3 Some by Prospect and Franchise
GymGuyz,5-Bottom50Percent,Site_2,5 Only B2C,2 Mostly in,4 Home or vehicle location,1 One to Four Employees,3 Part-time,5 Perform services,2 Six days,2 Mild preference for vets,3 Some by Prospect and Franchise
Hand and Stone,5-Bottom50Percent,Site_2,5 Only B2C,1 Only indoors,1 Store retail location,2 Five to Nine Employees,1 Full-time,5 Perform services,2 Six days,1 Not a factor for me,3 Some by Prospect and Franchise
Handyman Connection,4 Top50Percent,Site_3,5 Only B2C,3 Even,4 Home or vehicle location,1 One to Four Employees,1 Full-time,5 Perform services,2 Six days,2 Mild preference for vets,3 Some by Prospect and Franchise
HandyPro,5-Bottom50Percent,Site_2,4 Mostly B2C,2 Mostly in,4 Home or vehicle location,1 One to Four Employees,1 Full-time,5 Perform services,2 Six days,2 Mild preference for vets,2 Mostly by Prospect
Hang Up Garment Covers,3 Top25Percent,Site_2,1 Only B2B,1 Only indoors,4 Home or vehicle location,1 One to Four Employees,1 Full-time,1 Sell merchandise,1 Nine-to-Five on weekdays,1 Not a factor for me,3 Some by Prospect and Franchise
Hapa Yoga,5-Bottom50Percent,Site_2,5 Only B2C,1 Only indoors,1 Store retail location,2 Five to Nine Employees,1 Full-time,5 Perform services,4 Seven days,1 Not a factor for me,1 All by Prospect
Health Source Chiropractic,4 Top50Percent,Site_3,1 Only B2B,1 Only indoors,1 Store retail location,1 One to Four Employees,1 Full-time,5 Perform services,2 Six days,1 Not a factor for me,2 Mostly by Prospect
Healthier4UVending,4 Top50Percent,Site_2,5 Only B2C,3 Even,4 Home or vehicle location,1 One to Four Employees,3 Part-time,1 Sell merchandise,1 Nine-to-Five on weekdays,1 Not a factor for me,1 All by Prospect
Heart Certified Auto Care,5-Bottom50Percent,Site_2,5 Only B2C,2 Mostly in,1 Store retail location,2 Five to Nine Employees,1 Full-time,4 Mostly perform services,"NA",1 Not a factor for me,"NA"
HeathlyYou Vending f/k/a 1800 Vending,1 Top5Percent,Site_2,5 Only B2C,3 Even,4 Home or vehicle location,1 One to Four Employees,3 Part-time,1 Sell merchandise,1 Nine-to-Five on weekdays,1 Not a factor for me,1 All by Prospect
Home Care Assistance,4 Top50Percent,Site_3,5 Only B2C,1 Only indoors,4 Home or vehicle location,5 Fifty+ Employees,1 Full-time,5 Perform services,3 Six days/nights,2 Mild preference for vets,3 Some by Prospect and Franchise
"Home Cleaning Centers of America, Inc.",5-Bottom50Percent,Site_3,5 Only B2C,2 Mostly in,2 Store or Vehicle location,2 Five to Nine Employees,1 Full-time,5 Perform services,2 Six days,1 Not a factor for me,2 Mostly by Prospect
Home Helpers Franchising Systems Inc.,1 Top5Percent,Site_4,5 Only B2C,1 Only indoors,4 Home or vehicle location,5 Fifty+ Employees,1 Full-time,5 Perform services,3 Six days/nights,2 Mild preference for vets,3 Some by Prospect and Franchise
Home Instead Senior Care,3 Top25Percent,Site_4,5 Only B2C,2 Mostly in,4 Home or vehicle location,1 One to Four Employees,1 Full-time,1 Sell merchandise,1 Nine-to-Five on weekdays,1 Not a factor for me,1 All by Prospect
HomeVestors,1 Top5Percent,Site_3,5 Only B2C,3 Even,4 Home or vehicle location,2 Five to Nine Employees,1 Full-time,5 Perform services,2 Six days,1 Not a factor for me,3 Some by Prospect and Franchise
Homewatch CareGivers,4 Top50Percent,Site_3,5 Only B2C,1 Only indoors,4 Home or vehicle location,5 Fifty+ Employees,1 Full-time,5 Perform services,3 Six days/nights,2 Mild preference for vets,3 Some by Prospect and Franchise
Honest 1 - Auto Care,5-Bottom50Percent,Site_3,4 Mostly B2C,1 Only indoors,1 Store retail location,2 Five to Nine Employees,1 Full-time,5 Perform services,2 Six days,2 Mild preference for vets,2 Mostly by Prospect
Honest Abe Roofing,5-Bottom50Percent,Site_2,3 Both,5 Only outdoors,4 Home or vehicle location,2 Five to Nine Employees,1 Full-time,5 Perform services,2 Six days,2 Mild preference for vets,2 Mostly by Prospect
Honey Do Service,5-Bottom50Percent,Site_2,4 Mostly B2C,3 Even,4 Home or vehicle location,1 One to Four Employees,1 Full-time,5 Perform services,2 Six days,2 Mild preference for vets,2 Mostly by Prospect
Hotel Key Kaddy,2 Top10Percent,Site_2,1 Only B2B,1 Only indoors,5 Work from home,1 One to Four Employees,1 Full-time,2 Some merchandise sales,1 Nine-to-Five on weekdays,1 Not a factor for me,1 All by Prospect
Housemaster,5-Bottom50Percent,Site_2,4 Mostly B2C,3 Even,4 Home or vehicle location,1 One to Four Employees,1 Full-time,5 Perform services,1 Nine-to-Five on weekdays,2 Mild preference for vets,3 Some by Prospect and Franchise
Huddle House,3 Top25Percent,Site_2,5 Only B2C,1 Only indoors,1 Store retail location,1 One to Four Employees,1 Full-time,1 Sell merchandise,1 Nine-to-Five on weekdays,1 Not a factor for me,1 All by Prospect
Huntington Learning Centers,5-Bottom50Percent,Site_2,5 Only B2C,1 Only indoors,1 Store retail location,1 One to Four Employees,1 Full-time,1 Sell merchandise,1 Nine-to-Five on weekdays,1 Not a factor for me,1 All by Prospect
ICENY,5-Bottom50Percent,Site_2,5 Only B2C,1 Only indoors,1 Store retail location,2 Five to Nine Employees,1 Full-time,3 Prepare and serve food,4 Seven days,1 Not a factor for me,"NA"
Image360,5-Bottom50Percent,Site_2,2 Mostly B2B,3 Even,2 Store or Vehicle location,2 Five to Nine Employees,1 Full-time,5 Perform services,2 Six days,1 Not a factor for me,2 Mostly by Prospect
Infinity Health Advisors,4 Top50Percent,Site_2,5 Only B2C,1 Only indoors,1 Store retail location,1 One to Four Employees,1 Full-time,5 Perform services,1 Nine-to-Five on weekdays,1 Not a factor for me,1 All by Prospect
Inspect-It 1st Property Inspection,4 Top50Percent,Site_2,4 Mostly B2C,4 Mostly out,4 Home or vehicle location,3 Ten to Nineteen Employees,3 Part-time,3 Prepare and serve food,3 Six days/nights,3 Preference for hiring vets,3 Some by Prospect and Franchise
InstaHealthy,3 Top25Percent,Site_3,3 Both,2 Mostly in,4 Home or vehicle location,1 One to Four Employees,1 Full-time,1 Sell merchandise,4 Seven days,1 Not a factor for me,"NA"
Interface Financial,5-Bottom50Percent,Site_2,1 Only B2B,1 Only indoors,5 Work from home,1 One to Four Employees,1 Full-time,5 Perform services,1 Nine-to-Five on weekdays,1 Not a factor for me,"NA"
INTERIM HEALTHCARE,5-Bottom50Percent,Site_2,5 Only B2C,2 Mostly in,2 Store or Vehicle location,4 Twenty to Forty-nine Employees,1 Full-time,5 Perform services,4 Seven days,1 Not a factor for me,2 Mostly by Prospect
InXpress,5-Bottom50Percent,Site_3,1 Only B2B,1 Only indoors,5 Work from home,1 One to Four Employees,1 Full-time,5 Perform services,1 Nine-to-Five on weekdays,1 Not a factor for me,"NA"
Jiffy Lube International,4 Top50Percent,Site_2,5 Only B2C,2 Mostly in,1 Store retail location,3 Ten to Nineteen Employees,1 Full-time,4 Mostly perform services,4 Seven days,1 Not a factor for me,"NA"
Jimmy John`s Gourmet Sandwiches,1 Top5Percent,Site_4,5 Only B2C,1 Only indoors,1 Store retail location,3 Ten to Nineteen Employees,1 Full-time,3 Prepare and serve food,4 Seven days,2 Mild preference for vets,3 Some by Prospect and Franchise
Jon Smith Subs,5-Bottom50Percent,Site_3,5 Only B2C,1 Only indoors,1 Store retail location,2 Five to Nine Employees,1 Full-time,3 Prepare and serve food,4 Seven days,1 Not a factor for me,3 Some by Prospect and Franchise
KarmaBox Vending,5-Bottom50Percent,Site_2,5 Only B2C,3 Even,4 Home or vehicle location,0 Just myself,3 Part-time,1 Sell merchandise,1 Nine-to-Five on weekdays,1 Not a factor for me,1 All by Prospect
Kidcreate Studio,5-Bottom50Percent,Site_3,5 Only B2C,1 Only indoors,1 Store retail location,1 One to Four Employees,1 Full-time,2 Some merchandise sales,2 Six days,1 Not a factor for me,"NA"
"Kiddie Academy International, Inc.",1 Top5Percent,Site_3,5 Only B2C,1 Only indoors,1 Store retail location,3 Ten to Nineteen Employees,1 Full-time,5 Perform services,1 Nine-to-Five on weekdays,2 Mild preference for vets,2 Mostly by Prospect
Kitchen Solvers,4 Top50Percent,Site_2,4 Mostly B2C,1 Only indoors,2 Store or Vehicle location,2 Five to Nine Employees,1 Full-time,5 Perform services,2 Six days,2 Mild preference for vets,3 Some by Prospect and Franchise
Kitchen Tune-Up,5-Bottom50Percent,Site_3,4 Mostly B2C,1 Only indoors,4 Home or vehicle location,1 One to Four Employees,1 Full-time,5 Perform services,2 Six days,1 Not a factor for me,3 Some by Prospect and Franchise
Kono Pizza,5-Bottom50Percent,Site_2,5 Only B2C,1 Only indoors,1 Store retail location,2 Five to Nine Employees,1 Full-time,3 Prepare and serve food,4 Seven days,1 Not a factor for me,2 Mostly by Prospect
Kono Pizza Canada,5-Bottom50Percent,Site_2,5 Only B2C,1 Only indoors,1 Store retail location,2 Five to Nine Employees,1 Full-time,3 Prepare and serve food,4 Seven days,1 Not a factor for me,2 Mostly by Prospect
Krave Kobe Burger,5-Bottom50Percent,Site_2,5 Only B2C,1 Only indoors,1 Store retail location,2 Five to Nine Employees,1 Full-time,3 Prepare and serve food,4 Seven days,1 Not a factor for me,2 Mostly by Prospect
Kumon Math & Reading Centers,4 Top50Percent,Site_4,5 Only B2C,1 Only indoors,1 Store retail location,1 One to Four Employees,1 Full-time,1 Sell merchandise,1 Nine-to-Five on weekdays,1 Not a factor for me,1 All by Prospect
Launch Trampoline Park,5-Bottom50Percent,Site_2,4 Mostly B2C,1 Only indoors,1 Store retail location,3 Ten to Nineteen Employees,1 Full-time,5 Perform services,4 Seven days,2 Mild preference for vets,2 Mostly by Prospect
Lawn Doctor,5-Bottom50Percent,Site_3,5 Only B2C,5 Only outdoors,3 Vehicle location,3 Ten to Nineteen Employees,3 Part-time,3 Prepare and serve food,3 Six days/nights,3 Preference for hiring vets,3 Some by Prospect and Franchise
Le Macaron French Pastries,5-Bottom50Percent,Site_3,5 Only B2C,1 Only indoors,1 Store retail location,2 Five to Nine Employees,1 Full-time,1 Sell merchandise,4 Seven days,1 Not a factor for me,"NA"
Lee's Hoagie House,5-Bottom50Percent,Site_2,5 Only B2C,1 Only indoors,1 Store retail location,2 Five to Nine Employees,1 Full-time,3 Prepare and serve food,4 Seven days,1 Not a factor for me,3 Some by Prospect and Franchise
Lemon Tree Family Salons,5-Bottom50Percent,Site_3,5 Only B2C,1 Only indoors,1 Store retail location,3 Ten to Nineteen Employees,1 Full-time,5 Perform services,4 Seven days,2 Mild preference for vets,3 Some by Prospect and Franchise
LemonShark Poke fka Aloha Poke Bowls,5-Bottom50Percent,Site_2,5 Only B2C,1 Only indoors,1 Store retail location,2 Five to Nine Employees,1 Full-time,3 Prepare and serve food,4 Seven days,1 Not a factor for me,2 Mostly by Prospect
Lendio,5-Bottom50Percent,Site_2,5 Only B2C,1 Only indoors,5 Work from home,1 One to Four Employees,1 Full-time,5 Perform services,1 Nine-to-Five on weekdays,1 Not a factor for me,2 Mostly by Prospect
Liberty Tax,2 Top10Percent,Site_4,4 Mostly B2C,1 Only indoors,1 Store retail location,2 Five to Nine Employees,2 Almost full-time,2 Some merchandise sales,2 Six days,2 Mild preference for vets,2 Mostly by Prospect
Lice Clinics of America,4 Top50Percent,Site_2,1 Only B2B,1 Only indoors,1 Store retail location,1 One to Four Employees,1 Full-time,5 Perform services,3 Six days/nights,1 Not a factor for me,"NA"
Lightbridge Academy fka Rainbow Academy,5-Bottom50Percent,Site_2,5 Only B2C,1 Only indoors,1 Store retail location,3 Ten to Nineteen Employees,3 Part-time,3 Prepare and serve food,3 Six days/nights,3 Preference for hiring vets,3 Some by Prospect and Franchise
"Little Caesar Enterprises, Inc.",5-Bottom50Percent,Site_2,5 Only B2C,1 Only indoors,1 Store retail location,2 Five to Nine Employees,1 Full-time,3 Prepare and serve food,4 Seven days,1 Not a factor for me,4 Mostly by Franchise
Loan Consultants,4 Top50Percent,Site_2,5 Only B2C,1 Only indoors,5 Work from home,0 Just myself,3 Part-time,5 Perform services,1 Nine-to-Five on weekdays,1 Not a factor for me,1 All by Prospect
MAACO Collision Repair and Auto Painting,3 Top25Percent,Site_4,4 Mostly B2C,3 Even,1 Store retail location,3 Ten to Nineteen Employees,3 Part-time,3 Prepare and serve food,3 Six days/nights,3 Preference for hiring vets,3 Some by Prospect and Franchise
Mad Science,5-Bottom50Percent,Site_2,3 Both,1 Only indoors,4 Home or vehicle location,1 One to Four Employees,3 Part-time,5 Perform services,1 Nine-to-Five on weekdays,2 Mild preference for vets,3 Some by Prospect and Franchise
Made in the Shade Blinds and Floors!,5-Bottom50Percent,Site_3,3 Both,1 Only indoors,4 Home or vehicle location,1 One to Four Employees,1 Full-time,1 Sell merchandise,2 Six days,1 Not a factor for me,3 Some by Prospect and Franchise
Magic Brow,4 Top50Percent,Site_4,5 Only B2C,1 Only indoors,1 Store retail location,2 Five to Nine Employees,1 Full-time,5 Perform services,4 Seven days,1 Not a factor for me,1 All by Prospect
MaidPro,5-Bottom50Percent,Site_2,4 Mostly B2C,2 Mostly in,2 Store or Vehicle location,2 Five to Nine Employees,1 Full-time,5 Perform services,2 Six days,1 Not a factor for me,3 Some by Prospect and Franchise
"Maids Home Services, The",5-Bottom50Percent,Site_2,4 Mostly B2C,2 Mostly in,2 Store or Vehicle location,2 Five to Nine Employees,1 Full-time,5 Perform services,2 Six days,2 Mild preference for vets,3 Some by Prospect and Franchise
Marceco,3 Top25Percent,Site_2,5 Only B2C,1 Only indoors,1 Store retail location,2 Five to Nine Employees,1 Full-time,1 Sell merchandise,"NA",1 Not a factor for me,1 All by Prospect
Marilyn Monroe Spas,5-Bottom50Percent,Site_2,5 Only B2C,1 Only indoors,1 Store retail location,2 Five to Nine Employees,1 Full-time,5 Perform services,4 Seven days,1 Not a factor for me,2 Mostly by Prospect
Martinizing Dry Cleaning,5-Bottom50Percent,Site_2,5 Only B2C,1 Only indoors,1 Store retail location,1 One to Four Employees,1 Full-time,5 Perform services,4 Seven days,1 Not a factor for me,1 All by Prospect
Massage Envy,5-Bottom50Percent,Site_3,5 Only B2C,1 Only indoors,1 Store retail location,2 Five to Nine Employees,1 Full-time,5 Perform services,2 Six days,1 Not a factor for me,3 Some by Prospect and Franchise
Matco Tools,5-Bottom50Percent,Site_2,2 Mostly B2B,3 Even,4 Home or vehicle location,1 One to Four Employees,3 Part-time,1 Sell merchandise,1 Nine-to-Five on weekdays,2 Mild preference for vets,3 Some by Prospect and Franchise
Mathnasium,4 Top50Percent,Site_3,5 Only B2C,1 Only indoors,1 Store retail location,1 One to Four Employees,1 Full-time,1 Sell merchandise,1 Nine-to-Five on weekdays,1 Not a factor for me,1 All by Prospect
Mattress by Appointment,1 Top5Percent,Site_4,1 Only B2B,1 Only indoors,2 Store or Vehicle location,2 Five to Nine Employees,1 Full-time,1 Sell merchandise,2 Six days,1 Not a factor for me,2 Mostly by Prospect
Maui Wowi,3 Top25Percent,Site_4,4 Mostly B2C,3 Even,2 Store or Vehicle location,3 Ten to Nineteen Employees,3 Part-time,3 Prepare and serve food,3 Six days/nights,3 Preference for hiring vets,3 Some by Prospect and Franchise
Maytag Commercial  Laundry,5-Bottom50Percent,Site_2,2 Mostly B2B,1 Only indoors,1 Store retail location,2 Five to Nine Employees,1 Full-time,5 Perform services,1 Nine-to-Five on weekdays,1 Not a factor for me,4 Mostly by Franchise
Meineke Car Care and Econo Lube Co-Brand,4 Top50Percent,Site_3,2 Mostly B2B,2 Mostly in,1 Store retail location,3 Ten to Nineteen Employees,1 Full-time,5 Perform services,4 Seven days,2 Mild preference for vets,3 Some by Prospect and Franchise
Merle Norman Cosmetics,4 Top50Percent,Site_3,5 Only B2C,1 Only indoors,1 Store retail location,2 Five to Nine Employees,1 Full-time,1 Sell merchandise,2 Six days,1 Not a factor for me,3 Some by Prospect and Franchise
Merlin Muffler and Brake,5-Bottom50Percent,Site_3,4 Mostly B2C,3 Even,1 Store retail location,3 Ten to Nineteen Employees,3 Part-time,3 Prepare and serve food,3 Six days/nights,3 Preference for hiring vets,3 Some by Prospect and Franchise
Merry Maids,3 Top25Percent,Site_3,5 Only B2C,1 Only indoors,1 Store retail location,2 Five to Nine Employees,1 Full-time,1 Sell merchandise,2 Six days,2 Mild preference for vets,2 Mostly by Prospect
Midas,3 Top25Percent,Site_3,2 Mostly B2B,2 Mostly in,1 Store retail location,3 Ten to Nineteen Employees,1 Full-time,5 Perform services,4 Seven days,2 Mild preference for vets,3 Some by Prospect and Franchise
Mina Mar,4 Top50Percent,Site_2,1 Only B2B,1 Only indoors,5 Work from home,1 One to Four Employees,3 Part-time,5 Perform services,1 Nine-to-Five on weekdays,1 Not a factor for me,"NA"
Minuteman Press,3 Top25Percent,Site_4,3 Both,3 Even,2 Store or Vehicle location,3 Ten to Nineteen Employees,3 Part-time,3 Prepare and serve food,3 Six days/nights,3 Preference for hiring vets,3 Some by Prospect and Franchise
Miracle Method Bath & Kitchen Refinishing,5-Bottom50Percent,Site_3,4 Mostly B2C,1 Only indoors,4 Home or vehicle location,1 One to Four Employees,1 Full-time,5 Perform services,2 Six days,1 Not a factor for me,3 Some by Prospect and Franchise
MobileAppCity,5-Bottom50Percent,Site_2,1 Only B2B,1 Only indoors,5 Work from home,1 One to Four Employees,1 Full-time,5 Perform services,1 Nine-to-Five on weekdays,1 Not a factor for me,"NA"
Mobility Plus,4 Top50Percent,Site_3,5 Only B2C,2 Mostly in,4 Home or vehicle location,1 One to Four Employees,1 Full-time,1 Sell merchandise,1 Nine-to-Five on weekdays,"NA","NA"
Money Mailer,4 Top50Percent,Site_4,1 Only B2B,2 Mostly in,4 Home or vehicle location,1 One to Four Employees,1 Full-time,5 Perform services,1 Nine-to-Five on weekdays,2 Mild preference for vets,3 Some by Prospect and Franchise
Monkey Bars / Gorgeous Garage,5-Bottom50Percent,Site_2,4 Mostly B2C,2 Mostly in,4 Home or vehicle location,1 One to Four Employees,1 Full-time,5 Perform services,2 Six days,2 Mild preference for vets,3 Some by Prospect and Franchise
Mosquito Blasters,5-Bottom50Percent,Site_2,5 Only B2C,4 Mostly out,2 Store or Vehicle location,5 Fifty+ Employees,5 Seasonal,2 Some merchandise sales,1 Nine-to-Five on weekdays,2 Mild preference for vets,"NA"
Mosquito Joe,3 Top25Percent,Site_4,5 Only B2C,5 Only outdoors,3 Vehicle location,4 Twenty to Forty-nine Employees,4 Semi-seasonal,4 Mostly perform services,4 Seven days,4 Favorable lending to vets,4 Mostly by Franchise
Mosquito Squad,5-Bottom50Percent,Site_3,4 Mostly B2C,5 Only outdoors,4 Home or vehicle location,2 Five to Nine Employees,5 Seasonal,5 Perform services,2 Six days,1 Not a factor for me,2 Mostly by Prospect
Mr Sandless,5-Bottom50Percent,Site_2,3 Both,1 Only indoors,4 Home or vehicle location,1 One to Four Employees,1 Full-time,5 Perform services,2 Six days,1 Not a factor for me,1 All by Prospect
Mr. Appliance Corporation,3 Top25Percent,Site_4,4 Mostly B2C,3 Even,4 Home or vehicle location,4 Twenty to Forty-nine Employees,4 Semi-seasonal,4 Mostly perform services,4 Seven days,4 Favorable lending to vets,4 Mostly by Franchise
Mr. Electric,5-Bottom50Percent,Site_2,4 Mostly B2C,2 Mostly in,4 Home or vehicle location,1 One to Four Employees,1 Full-time,5 Perform services,2 Six days,2 Mild preference for vets,4 Mostly by Franchise
MRINetwork,5-Bottom50Percent,Site_3,5 Only B2C,1 Only indoors,1 Store retail location,3 Ten to Nineteen Employees,1 Full-time,5 Perform services,1 Nine-to-Five on weekdays,1 Not a factor for me,"NA"
Murphy Business Brokerage,5-Bottom50Percent,Site_2,3 Both,2 Mostly in,4 Home or vehicle location,1 One to Four Employees,3 Part-time,5 Perform services,1 Nine-to-Five on weekdays,1 Not a factor for me,2 Mostly by Prospect
My Business Venture,1 Top5Percent,Site_4,5 Only B2C,1 Only indoors,5 Work from home,1 One to Four Employees,3 Part-time,5 Perform services,1 Nine-to-Five on weekdays,1 Not a factor for me,1 All by Prospect
My Gym Children's Fitness Center,5-Bottom50Percent,Site_2,5 Only B2C,1 Only indoors,5 Work from home,1 One to Four Employees,1 Full-time,5 Perform services,1 Nine-to-Five on weekdays,1 Not a factor for me,1 All by Prospect
N-Compass TV (fka VueBox),2 Top10Percent,Site_3,1 Only B2B,2 Mostly in,4 Home or vehicle location,1 One to Four Employees,3 Part-time,5 Perform services,2 Six days,1 Not a factor for me,1 All by Prospect
N-Hance,3 Top25Percent,Site_3,5 Only B2C,2 Mostly in,2 Store or Vehicle location,2 Five to Nine Employees,1 Full-time,5 Perform services,2 Six days,1 Not a factor for me,2 Mostly by Prospect
N-Hance Canada,5-Bottom50Percent,Site_2,4 Mostly B2C,1 Only indoors,4 Home or vehicle location,1 One to Four Employees,1 Full-time,5 Perform services,2 Six days,1 Not a factor for me,3 Some by Prospect and Franchise
N Zone Sports,5-Bottom50Percent,Site_2,5 Only B2C,3 Even,4 Home or vehicle location,1 One to Four Employees,3 Part-time,5 Perform services,2 Six days,1 Not a factor for me,2 Mostly by Prospect
National Property Inspections,5-Bottom50Percent,Site_4,5 Only B2C,4 Mostly out,4 Home or vehicle location,1 One to Four Employees,1 Full-time,5 Perform services,2 Six days,1 Not a factor for me,"NA"
Nature's Pet,5-Bottom50Percent,Site_3,5 Only B2C,1 Only indoors,1 Store retail location,3 Ten to Nineteen Employees,1 Full-time,1 Sell merchandise,4 Seven days,1 Not a factor for me,"NA"
Nextaff,4 Top50Percent,Site_4,1 Only B2B,1 Only indoors,1 Store retail location,2 Five to Nine Employees,1 Full-time,5 Perform services,1 Nine-to-Five on weekdays,2 Mild preference for vets,2 Mostly by Prospect
Nexus Property Management,4 Top50Percent,Site_3,2 Mostly B2B,2 Mostly in,4 Home or vehicle location,1 One to Four Employees,1 Full-time,5 Perform services,5 Seven days 24/7,1 Not a factor for me,"NA"
NOVUS Auto Glass,3 Top25Percent,Site_3,3 Both,4 Mostly out,4 Home or vehicle location,2 Five to Nine Employees,1 Full-time,5 Perform services,1 Nine-to-Five on weekdays,2 Mild preference for vets,3 Some by Prospect and Franchise
Online Trading Academy,1 Top5Percent,Site_4,5 Only B2C,1 Only indoors,5 Work from home,0 Just myself,3 Part-time,5 Perform services,1 Nine-to-Five on weekdays,1 Not a factor for me,1 All by Prospect
OpenWorks,3 Top25Percent,Site_3,1 Only B2B,1 Only indoors,4 Home or vehicle location,2 Five to Nine Employees,1 Full-time,5 Perform services,4 Seven days,1 Not a factor for me,"NA"
Outdoor Lighting Perspectives,4 Top50Percent,Site_3,3 Both,4 Mostly out,2 Store or Vehicle location,2 Five to Nine Employees,1 Full-time,1 Sell merchandise,2 Six days,1 Not a factor for me,2 Mostly by Prospect
Oxi Fresh Carpet Cleaning,2 Top10Percent,Site_4,3 Both,2 Mostly in,2 Store or Vehicle location,2 Five to Nine Employees,1 Full-time,5 Perform services,2 Six days,2 Mild preference for vets,3 Some by Prospect and Franchise
Padgett Business Services Canada,5-Bottom50Percent,Site_2,1 Only B2B,1 Only indoors,1 Store retail location,1 One to Four Employees,1 Full-time,5 Perform services,1 Nine-to-Five on weekdays,1 Not a factor for me,2 Mostly by Prospect
Paniq Escape Room,5-Bottom50Percent,Site_2,5 Only B2C,1 Only indoors,1 Store retail location,2 Five to Nine Employees,1 Full-time,5 Perform services,3 Six days/nights,1 Not a factor for me,1 All by Prospect
Papa Murphys,3 Top25Percent,Site_3,5 Only B2C,1 Only indoors,1 Store retail location,3 Ten to Nineteen Employees,1 Full-time,3 Prepare and serve food,4 Seven days,2 Mild preference for vets,2 Mostly by Prospect
Parker-Anderson Enrichment,4 Top50Percent,Site_3,5 Only B2C,3 Even,4 Home or vehicle location,1 One to Four Employees,3 Part-time,5 Perform services,1 Nine-to-Five on weekdays,1 Not a factor for me,"NA"
Paul Davis Restoration,4 Top50Percent,Site_2,3 Both,3 Even,2 Store or Vehicle location,3 Ten to Nineteen Employees,1 Full-time,5 Perform services,4 Seven days,2 Mild preference for vets,2 Mostly by Prospect
"Paul Green School of Rock, The",5-Bottom50Percent,Site_2,5 Only B2C,1 Only indoors,1 Store retail location,3 Ten to Nineteen Employees,1 Full-time,5 Perform services,2 Six days,1 Not a factor for me,2 Mostly by Prospect
Peachwave Frozen Yogurt,5-Bottom50Percent,Site_2,5 Only B2C,1 Only indoors,1 Store retail location,3 Ten to Nineteen Employees,1 Full-time,3 Prepare and serve food,4 Seven days,1 Not a factor for me,3 Some by Prospect and Franchise
Pet Depot,5-Bottom50Percent,Site_2,5 Only B2C,1 Only indoors,1 Store retail location,3 Ten to Nineteen Employees,1 Full-time,1 Sell merchandise,4 Seven days,1 Not a factor for me,3 Some by Prospect and Franchise
Pet Supplies Plus,4 Top50Percent,Site_2,5 Only B2C,1 Only indoors,1 Store retail location,2 Five to Nine Employees,1 Full-time,1 Sell merchandise,2 Six days,2 Mild preference for vets,2 Mostly by Prospect
Pet Wants,4 Top50Percent,Site_3,5 Only B2C,2 Mostly in,2 Store or Vehicle location,2 Five to Nine Employees,1 Full-time,1 Sell merchandise,3 Six days/nights,1 Not a factor for me,"NA"
Pets Warehouse,5-Bottom50Percent,Site_2,5 Only B2C,1 Only indoors,1 Store retail location,2 Five to Nine Employees,1 Full-time,1 Sell merchandise,4 Seven days,1 Not a factor for me,1 All by Prospect
Physical Therapy NOW,5-Bottom50Percent,Site_2,5 Only B2C,1 Only indoors,1 Store retail location,2 Five to Nine Employees,1 Full-time,5 Perform services,4 Seven days,1 Not a factor for me,"NA"
Pigtails & Crewcuts,5-Bottom50Percent,Site_3,5 Only B2C,1 Only indoors,1 Store retail location,2 Five to Nine Employees,1 Full-time,5 Perform services,2 Six days,1 Not a factor for me,3 Some by Prospect and Franchise
Pillar To Post,3 Top25Percent,Site_3,1 Only B2B,3 Even,4 Home or vehicle location,1 One to Four Employees,1 Full-time,5 Perform services,3 Six days/nights,2 Mild preference for vets,2 Mostly by Prospect
Pinch A Penny Incorporated,4 Top50Percent,Site_4,4 Mostly B2C,3 Even,1 Store retail location,2 Five to Nine Employees,1 Full-time,1 Sell merchandise,2 Six days,2 Mild preference for vets,2 Mostly by Prospect
Pirtek USA,5-Bottom50Percent,Site_3,2 Mostly B2B,2 Mostly in,1 Store retail location,2 Five to Nine Employees,1 Full-time,1 Sell merchandise,2 Six days,1 Not a factor for me,3 Some by Prospect and Franchise
Planet Smoothie,3 Top25Percent,Site_4,5 Only B2C,1 Only indoors,1 Store retail location,3 Ten to Nineteen Employees,1 Full-time,3 Prepare and serve food,4 Seven days,2 Mild preference for vets,2 Mostly by Prospect
Pool Scouts,3 Top25Percent,Site_3,4 Mostly B2C,5 Only outdoors,3 Vehicle location,3 Ten to Nineteen Employees,3 Part-time,3 Prepare and serve food,3 Six days/nights,3 Preference for hiring vets,3 Some by Prospect and Franchise
Postal Annex+,2 Top10Percent,Site_3,3 Both,1 Only indoors,1 Store retail location,2 Five to Nine Employees,1 Full-time,5 Perform services,2 Six days,2 Mild preference for vets,2 Mostly by Prospect
PostNet,5-Bottom50Percent,Site_2,3 Both,3 Even,2 Store or Vehicle location,3 Ten to Nineteen Employees,3 Part-time,3 Prepare and serve food,3 Six days/nights,3 Preference for hiring vets,3 Some by Prospect and Franchise
Potatopia,5-Bottom50Percent,Site_3,5 Only B2C,1 Only indoors,1 Store retail location,3 Ten to Nineteen Employees,1 Full-time,3 Prepare and serve food,4 Seven days,1 Not a factor for me,"NA"
Preferred Care At Home,4 Top50Percent,Site_3,5 Only B2C,1 Only indoors,4 Home or vehicle location,5 Fifty+ Employees,1 Full-time,5 Perform services,3 Six days/nights,2 Mild preference for vets,3 Some by Prospect and Franchise
Presents of Mine,5-Bottom50Percent,Site_2,3 Both,1 Only indoors,1 Store retail location,2 Five to Nine Employees,1 Full-time,1 Sell merchandise,2 Six days,1 Not a factor for me,"NA"
Pro Image Sports f/k/a Pro Image Franchise,5-Bottom50Percent,Site_2,5 Only B2C,1 Only indoors,1 Store retail location,2 Five to Nine Employees,1 Full-time,1 Sell merchandise,4 Seven days,1 Not a factor for me,"NA"
Pro Martial Arts,5-Bottom50Percent,Site_2,5 Only B2C,1 Only indoors,1 Store retail location,1 One to Four Employees,1 Full-time,5 Perform services,2 Six days,2 Mild preference for vets,3 Some by Prospect and Franchise
Profitable Commercial Lending & Business Services f/k/a Platinum Preferred Financial Group,3 Top25Percent,Site_2,1 Only B2B,1 Only indoors,5 Work from home,1 One to Four Employees,3 Part-time,5 Perform services,1 Nine-to-Five on weekdays,5 Major discounts/benefits to vets,4 Mostly by Franchise
Property Management Inc.,3 Top25Percent,Site_3,1 Only B2B,3 Even,4 Home or vehicle location,3 Ten to Nineteen Employees,3 Part-time,3 Prepare and serve food,3 Six days/nights,3 Preference for hiring vets,3 Some by Prospect and Franchise
Puroclean,3 Top25Percent,Site_2,3 Both,3 Even,3 Vehicle location,2 Five to Nine Employees,2 Almost full-time,2 Some merchandise sales,2 Six days,2 Mild preference for vets,2 Mostly by Prospect
Qualicare,5-Bottom50Percent,Site_2,5 Only B2C,1 Only indoors,2 Store or Vehicle location,4 Twenty to Forty-nine Employees,1 Full-time,5 Perform services,4 Seven days,2 Mild preference for vets,3 Some by Prospect and Franchise
Rainbow International Restoration & Cleaning,4 Top50Percent,Site_3,3 Both,3 Even,2 Store or Vehicle location,3 Ten to Nineteen Employees,1 Full-time,5 Perform services,4 Seven days,2 Mild preference for vets,2 Mostly by Prospect
Rapid Approval Business Loans,4 Top50Percent,Site_2,5 Only B2C,1 Only indoors,4 Home or vehicle location,1 One to Four Employees,1 Full-time,5 Perform services,1 Nine-to-Five on weekdays,1 Not a factor for me,2 Mostly by Prospect
Re-Bath,2 Top10Percent,Site_4,5 Only B2C,2 Mostly in,4 Home or vehicle location,1 One to Four Employees,1 Full-time,5 Perform services,2 Six days,2 Mild preference for vets,2 Mostly by Prospect
Real Estate Sales f/k/a Creative Investment Concepts,2 Top10Percent,Site_2,5 Only B2C,2 Mostly in,4 Home or vehicle location,1 One to Four Employees,1 Full-time,5 Perform services,1 Nine-to-Five on weekdays,1 Not a factor for me,1 All by Prospect
Real Property Management,3 Top25Percent,Site_3,1 Only B2B,3 Even,4 Home or vehicle location,2 Five to Nine Employees,1 Full-time,5 Perform services,4 Seven days,2 Mild preference for vets,2 Mostly by Prospect
Red Wing Shoe Store,5-Bottom50Percent,Site_2,5 Only B2C,1 Only indoors,1 Store retail location,2 Five to Nine Employees,1 Full-time,1 Sell merchandise,3 Six days/nights,1 Not a factor for me,"NA"
Relax The Back,5-Bottom50Percent,Site_2,5 Only B2C,1 Only indoors,1 Store retail location,3 Ten to Nineteen Employees,1 Full-time,1 Sell merchandise,4 Seven days,1 Not a factor for me,3 Some by Prospect and Franchise
Remedy Intelligent Staffing,5-Bottom50Percent,Site_2,1 Only B2B,1 Only indoors,1 Store retail location,2 Five to Nine Employees,1 Full-time,5 Perform services,1 Nine-to-Five on weekdays,1 Not a factor for me,3 Some by Prospect and Franchise
Renew Crew,5-Bottom50Percent,Site_3,5 Only B2C,5 Only outdoors,4 Home or vehicle location,2 Five to Nine Employees,1 Full-time,5 Perform services,"NA",1 Not a factor for me,"NA"
Rent-N-Roll Custom Wheels & Tires,5-Bottom50Percent,Site_2,5 Only B2C,3 Even,1 Store retail location,1 One to Four Employees,1 Full-time,5 Perform services,4 Seven days,1 Not a factor for me,2 Mostly by Prospect
Rentals America,4 Top50Percent,Site_2,5 Only B2C,1 Only indoors,1 Store retail location,1 One to Four Employees,1 Full-time,5 Perform services,1 Nine-to-Five on weekdays,1 Not a factor for me,2 Mostly by Prospect
REVOLISM - Wellness & Weight Loss,5-Bottom50Percent,Site_3,5 Only B2C,2 Mostly in,4 Home or vehicle location,1 One to Four Employees,1 Full-time,5 Perform services,1 Nine-to-Five on weekdays,1 Not a factor for me,2 Mostly by Prospect
Ritter's Frozen Custard,5-Bottom50Percent,Site_2,5 Only B2C,1 Only indoors,1 Store retail location,2 Five to Nine Employees,1 Full-time,3 Prepare and serve food,4 Seven days,1 Not a factor for me,3 Some by Prospect and Franchise
Rocky Mountain Chocolate Factory,5-Bottom50Percent,Site_2,5 Only B2C,1 Only indoors,1 Store retail location,2 Five to Nine Employees,1 Full-time,1 Sell merchandise,2 Six days,2 Mild preference for vets,2 Mostly by Prospect
Rosati's Pizza,3 Top25Percent,Site_2,5 Only B2C,1 Only indoors,1 Store retail location,3 Ten to Nineteen Employees,1 Full-time,3 Prepare and serve food,4 Seven days,2 Mild preference for vets,2 Mostly by Prospect
Roy Rogers Restaurants,5-Bottom50Percent,Site_2,5 Only B2C,1 Only indoors,1 Store retail location,2 Five to Nine Employees,1 Full-time,3 Prepare and serve food,4 Seven days,1 Not a factor for me,3 Some by Prospect and Franchise
Rush Bowls,5-Bottom50Percent,Site_2,5 Only B2C,1 Only indoors,1 Store retail location,2 Five to Nine Employees,1 Full-time,3 Prepare and serve food,4 Seven days,1 Not a factor for me,3 Some by Prospect and Franchise
Safe Ship,5-Bottom50Percent,Site_2,3 Both,2 Mostly in,1 Store retail location,1 One to Four Employees,1 Full-time,5 Perform services,2 Six days,1 Not a factor for me,2 Mostly by Prospect
Samurai Sam's,5-Bottom50Percent,Site_3,5 Only B2C,1 Only indoors,1 Store retail location,2 Five to Nine Employees,1 Full-time,3 Prepare and serve food,4 Seven days,1 Not a factor for me,4 Mostly by Franchise
ScanElite,4 Top50Percent,Site_2,5 Only B2C,1 Only indoors,5 Work from home,1 One to Four Employees,2 Almost full-time,5 Perform services,1 Nine-to-Five on weekdays,2 Mild preference for vets,2 Mostly by Prospect
Schooley Mitchell Telecom Consultants,5-Bottom50Percent,Site_4,1 Only B2B,1 Only indoors,5 Work from home,1 One to Four Employees,1 Full-time,5 Perform services,1 Nine-to-Five on weekdays,1 Not a factor for me,"NA"
Scout & Molly's,4 Top50Percent,Site_3,5 Only B2C,1 Only indoors,1 Store retail location,1 One to Four Employees,1 Full-time,1 Sell merchandise,2 Six days,2 Mild preference for vets,2 Mostly by Prospect
Sculpture Hospitality (fka Bevinco),4 Top50Percent,Site_2,1 Only B2B,2 Mostly in,4 Home or vehicle location,1 One to Four Employees,1 Full-time,5 Perform services,1 Nine-to-Five on weekdays,1 Not a factor for me,"NA"
Sears Handyman Solutions,3 Top25Percent,Site_3,5 Only B2C,1 Only indoors,4 Home or vehicle location,2 Five to Nine Employees,1 Full-time,5 Perform services,1 Nine-to-Five on weekdays,2 Mild preference for vets,3 Some by Prospect and Franchise
Sears Maid Services,3 Top25Percent,Site_3,5 Only B2C,1 Only indoors,4 Home or vehicle location,2 Five to Nine Employees,1 Full-time,5 Perform services,1 Nine-to-Five on weekdays,2 Mild preference for vets,3 Some by Prospect and Franchise
ServiceMaster,3 Top25Percent,Site_3,3 Both,2 Mostly in,2 Store or Vehicle location,3 Ten to Nineteen Employees,1 Full-time,5 Perform services,"NA",2 Mild preference for vets,3 Some by Prospect and Franchise
ServiceMaster Home Services,3 Top25Percent,Site_3,4 Mostly B2C,2 Mostly in,2 Store or Vehicle location,3 Ten to Nineteen Employees,1 Full-time,5 Perform services,2 Six days,2 Mild preference for vets,3 Some by Prospect and Franchise
ServiceMaster Restore,3 Top25Percent,Site_3,4 Mostly B2C,2 Mostly in,2 Store or Vehicle location,3 Ten to Nineteen Employees,1 Full-time,5 Perform services,2 Six days,2 Mild preference for vets,3 Some by Prospect and Franchise
Servpro,5-Bottom50Percent,Site_2,3 Both,1 Only indoors,4 Home or vehicle location,1 One to Four Employees,1 Full-time,5 Perform services,5 Seven days 24/7,1 Not a factor for me,"NA"
Shapes Fitness for Women,5-Bottom50Percent,Site_2,5 Only B2C,1 Only indoors,1 Store retail location,2 Five to Nine Employees,1 Full-time,5 Perform services,2 Six days,2 Mild preference for vets,3 Some by Prospect and Franchise
Show Homes,5-Bottom50Percent,Site_2,5 Only B2C,2 Mostly in,4 Home or vehicle location,2 Five to Nine Employees,1 Full-time,5 Perform services,2 Six days,2 Mild preference for vets,3 Some by Prospect and Franchise
Shutter-Time!,5-Bottom50Percent,Site_2,5 Only B2C,3 Even,1 Store retail location,1 One to Four Employees,1 Full-time,1 Sell merchandise,2 Six days,1 Not a factor for me,1 All by Prospect
Sign A Rama Inc.,4 Top50Percent,Site_3,3 Both,4 Mostly out,2 Store or Vehicle location,2 Five to Nine Employees,1 Full-time,5 Perform services,2 Six days,2 Mild preference for vets,3 Some by Prospect and Franchise
Slip Doctors,2 Top10Percent,Site_3,1 Only B2B,1 Only indoors,3 Vehicle location,5 Fifty+ Employees,5 Seasonal,5 Perform services,5 Seven days 24/7,5 Major discounts/benefits to vets,5 All by Franchise
Smash Brothers LLC,5-Bottom50Percent,Site_2,5 Only B2C,1 Only indoors,1 Store retail location,2 Five to Nine Employees,1 Full-time,3 Prepare and serve food,4 Seven days,1 Not a factor for me,3 Some by Prospect and Franchise
Smokin' Oak Wood Fired Pizza,5-Bottom50Percent,Site_2,5 Only B2C,1 Only indoors,1 Store retail location,2 Five to Nine Employees,3 Part-time,3 Prepare and serve food,4 Seven days,1 Not a factor for me,2 Mostly by Prospect
SMS Masterminds,2 Top10Percent,Site_4,1 Only B2B,1 Only indoors,5 Work from home,0 Just myself,3 Part-time,5 Perform services,1 Nine-to-Five on weekdays,1 Not a factor for me,1 All by Prospect
Soccer Shots,4 Top50Percent,Site_2,5 Only B2C,4 Mostly out,4 Home or vehicle location,1 One to Four Employees,3 Part-time,5 Perform services,2 Six days,1 Not a factor for me,1 All by Prospect
Social Owl,4 Top50Percent,Site_2,2 Mostly B2B,1 Only indoors,5 Work from home,1 One to Four Employees,2 Almost full-time,5 Perform services,1 Nine-to-Five on weekdays,1 Not a factor for me,1 All by Prospect
Space Walk,5-Bottom50Percent,Site_2,5 Only B2C,4 Mostly out,4 Home or vehicle location,1 One to Four Employees,1 Full-time,5 Perform services,4 Seven days,1 Not a factor for me,1 All by Prospect
Sparkle Wash,5-Bottom50Percent,Site_2,3 Both,5 Only outdoors,4 Home or vehicle location,1 One to Four Employees,1 Full-time,5 Perform services,2 Six days,2 Mild preference for vets,2 Mostly by Prospect
Speaking Roses,3 Top25Percent,Site_2,5 Only B2C,1 Only indoors,5 Work from home,1 One to Four Employees,1 Full-time,1 Sell merchandise,4 Seven days,1 Not a factor for me,"NA"
Specialty Marketing Systems,4 Top50Percent,Site_2,3 Both,1 Only indoors,4 Home or vehicle location,1 One to Four Employees,1 Full-time,1 Sell merchandise,1 Nine-to-Five on weekdays,1 Not a factor for me,"NA"
Speed Queen,3 Top25Percent,Site_2,5 Only B2C,1 Only indoors,1 Store retail location,1 One to Four Employees,1 Full-time,4 Mostly perform services,4 Seven days,1 Not a factor for me,"NA"
Speedpro Imaging,5-Bottom50Percent,Site_2,2 Mostly B2B,3 Even,4 Home or vehicle location,2 Five to Nine Employees,1 Full-time,5 Perform services,2 Six days,1 Not a factor for me,3 Some by Prospect and Franchise
SPENGA,5-Bottom50Percent,Site_2,5 Only B2C,1 Only indoors,1 Store retail location,2 Five to Nine Employees,1 Full-time,5 Perform services,4 Seven days,1 Not a factor for me,2 Mostly by Prospect
Sport Clips,4 Top50Percent,Site_4,5 Only B2C,1 Only indoors,1 Store retail location,3 Ten to Nineteen Employees,1 Full-time,5 Perform services,2 Six days,2 Mild preference for vets,4 Mostly by Franchise
Sportball,5-Bottom50Percent,Site_2,5 Only B2C,2 Mostly in,4 Home or vehicle location,1 One to Four Employees,1 Full-time,5 Perform services,1 Nine-to-Five on weekdays,1 Not a factor for me,"NA"
Sports Thread,4 Top50Percent,Site_2,5 Only B2C,1 Only indoors,5 Work from home,0 Just myself,3 Part-time,5 Perform services,1 Nine-to-Five on weekdays,1 Not a factor for me,1 All by Prospect
Stampcrete Epoxy Dealerships - USA,5-Bottom50Percent,Site_2,3 Both,3 Even,4 Home or vehicle location,1 One to Four Employees,3 Part-time,5 Perform services,3 Six days/nights,1 Not a factor for me,1 All by Prospect
Standard Paints / Wood Defender,4 Top50Percent,Site_3,5 Only B2C,5 Only outdoors,4 Home or vehicle location,2 Five to Nine Employees,1 Full-time,5 Perform services,4 Seven days,1 Not a factor for me,"NA"
Steamatic,4 Top50Percent,Site_3,3 Both,3 Even,2 Store or Vehicle location,3 Ten to Nineteen Employees,1 Full-time,5 Perform services,4 Seven days,2 Mild preference for vets,2 Mostly by Prospect
Stratus Building Solutions Master Franchise,5-Bottom50Percent,Site_2,1 Only B2B,2 Mostly in,3 Vehicle location,3 Ten to Nineteen Employees,3 Part-time,3 Prepare and serve food,3 Six days/nights,3 Preference for hiring vets,3 Some by Prospect and Franchise
Subway,2 Top10Percent,Site_5,5 Only B2C,1 Only indoors,1 Store retail location,3 Ten to Nineteen Employees,1 Full-time,3 Prepare and serve food,4 Seven days,2 Mild preference for vets,3 Some by Prospect and Franchise
Sugar Plum Parties,4 Top50Percent,Site_2,5 Only B2C,1 Only indoors,1 Store retail location,2 Five to Nine Employees,1 Full-time,5 Perform services,4 Seven days,1 Not a factor for me,"NA"
Sunny Days In Home Care,5-Bottom50Percent,Site_2,5 Only B2C,1 Only indoors,2 Store or Vehicle location,4 Twenty to Forty-nine Employees,1 Full-time,5 Perform services,4 Seven days,2 Mild preference for vets,"NA"
"Supercuts, Inc.",5-Bottom50Percent,Site_3,5 Only B2C,1 Only indoors,1 Store retail location,3 Ten to Nineteen Employees,1 Full-time,5 Perform services,4 Seven days,2 Mild preference for vets,3 Some by Prospect and Franchise
SuperGreen Solutions,3 Top25Percent,Site_3,3 Both,1 Only indoors,1 Store retail location,1 One to Four Employees,1 Full-time,5 Perform services,1 Nine-to-Five on weekdays,4 Favorable lending to vets,"NA"
Superior Wash,5-Bottom50Percent,Site_2,5 Only B2C,2 Mostly in,1 Store retail location,2 Five to Nine Employees,1 Full-time,5 Perform services,4 Seven days,1 Not a factor for me,3 Some by Prospect and Franchise
Sure Step,3 Top25Percent,Site_3,2 Mostly B2B,1 Only indoors,4 Home or vehicle location,0 Just myself,1 Full-time,1 Sell merchandise,1 Nine-to-Five on weekdays,1 Not a factor for me,"NA"
sweetFrog,5-Bottom50Percent,Site_2,5 Only B2C,1 Only indoors,1 Store retail location,2 Five to Nine Employees,1 Full-time,3 Prepare and serve food,4 Seven days,1 Not a factor for me,3 Some by Prospect and Franchise
T Docks,4 Top50Percent,Site_2,5 Only B2C,4 Mostly out,4 Home or vehicle location,1 One to Four Employees,2 Almost full-time,1 Sell merchandise,2 Six days,1 Not a factor for me,5 All by Franchise
TacoTime,5-Bottom50Percent,Site_3,5 Only B2C,1 Only indoors,1 Store retail location,3 Ten to Nineteen Employees,1 Full-time,1 Sell merchandise,4 Seven days,1 Not a factor for me,"NA"
Talem Home Care,5-Bottom50Percent,Site_2,5 Only B2C,1 Only indoors,2 Store or Vehicle location,4 Twenty to Forty-nine Employees,1 Full-time,5 Perform services,4 Seven days,2 Mild preference for vets,3 Some by Prospect and Franchise
Tapout Fitness,5-Bottom50Percent,Site_2,5 Only B2C,1 Only indoors,1 Store retail location,2 Five to Nine Employees,1 Full-time,5 Perform services,4 Seven days,1 Not a factor for me,3 Some by Prospect and Franchise
Team Combat,5-Bottom50Percent,Site_2,3 Both,2 Mostly in,1 Store retail location,3 Ten to Nineteen Employees,1 Full-time,5 Perform services,4 Seven days,2 Mild preference for vets,3 Some by Prospect and Franchise
Team Logic IT,4 Top50Percent,Site_3,2 Mostly B2B,1 Only indoors,4 Home or vehicle location,1 One to Four Employees,1 Full-time,5 Perform services,1 Nine-to-Five on weekdays,2 Mild preference for vets,2 Mostly by Prospect
Tekkeez,4 Top50Percent,Site_2,3 Both,1 Only indoors,4 Home or vehicle location,1 One to Four Employees,3 Part-time,5 Perform services,2 Six days,1 Not a factor for me,1 All by Prospect
Teriyaki Madness,4 Top50Percent,Site_3,5 Only B2C,1 Only indoors,1 Store retail location,2 Five to Nine Employees,1 Full-time,3 Prepare and serve food,4 Seven days,2 Mild preference for vets,2 Mostly by Prospect
Thai Express,3 Top25Percent,Site_3,5 Only B2C,1 Only indoors,1 Store retail location,3 Ten to Nineteen Employees,1 Full-time,3 Prepare and serve food,4 Seven days,2 Mild preference for vets,2 Mostly by Prospect
The Brass Tap,3 Top25Percent,Site_2,5 Only B2C,1 Only indoors,1 Store retail location,2 Five to Nine Employees,1 Full-time,3 Prepare and serve food,4 Seven days,1 Not a factor for me,"NA"
The Camp Transformation Center,5-Bottom50Percent,Site_3,5 Only B2C,1 Only indoors,1 Store retail location,2 Five to Nine Employees,1 Full-time,5 Perform services,4 Seven days,1 Not a factor for me,"NA"
The Dapper Doughnut,4 Top50Percent,Site_3,5 Only B2C,1 Only indoors,1 Store retail location,3 Ten to Nineteen Employees,3 Part-time,3 Prepare and serve food,3 Six days/nights,3 Preference for hiring vets,3 Some by Prospect and Franchise
The Flying Locksmiths,5-Bottom50Percent,Site_2,3 Both,3 Even,4 Home or vehicle location,1 One to Four Employees,1 Full-time,5 Perform services,4 Seven days,1 Not a factor for me,2 Mostly by Prospect
The Franchise Explorer,5-Bottom50Percent,Site_2,5 Only B2C,1 Only indoors,5 Work from home,1 One to Four Employees,1 Full-time,5 Perform services,1 Nine-to-Five on weekdays,1 Not a factor for me,1 All by Prospect
The HomeTeam Inspection Service,5-Bottom50Percent,Site_2,5 Only B2C,3 Even,4 Home or vehicle location,1 One to Four Employees,1 Full-time,5 Perform services,"NA",1 Not a factor for me,"NA"
The Hood Guyz,3 Top25Percent,Site_3,1 Only B2B,2 Mostly in,4 Home or vehicle location,1 One to Four Employees,1 Full-time,5 Perform services,2 Six days,2 Mild preference for vets,2 Mostly by Prospect
The Joint Chiropractic,5-Bottom50Percent,Site_2,5 Only B2C,1 Only indoors,1 Store retail location,1 One to Four Employees,1 Full-time,5 Perform services,1 Nine-to-Five on weekdays,1 Not a factor for me,2 Mostly by Prospect
The Lash Lounge,5-Bottom50Percent,Site_2,5 Only B2C,1 Only indoors,1 Store retail location,2 Five to Nine Employees,1 Full-time,5 Perform services,4 Seven days,1 Not a factor for me,2 Mostly by Prospect
The Mail Box Stores,3 Top25Percent,Site_3,5 Only B2C,1 Only indoors,1 Store retail location,1 One to Four Employees,1 Full-time,4 Mostly perform services,3 Six days/nights,1 Not a factor for me,"NA"
The Pizza Press,5-Bottom50Percent,Site_2,5 Only B2C,1 Only indoors,1 Store retail location,2 Five to Nine Employees,1 Full-time,3 Prepare and serve food,4 Seven days,1 Not a factor for me,2 Mostly by Prospect
The Simple Greek,3 Top25Percent,Site_3,5 Only B2C,1 Only indoors,1 Store retail location,2 Five to Nine Employees,1 Full-time,3 Prepare and serve food,5 Seven days 24/7,1 Not a factor for me,"NA"
THE TUTORING CENTER,4 Top50Percent,Site_3,5 Only B2C,1 Only indoors,1 Store retail location,2 Five to Nine Employees,1 Full-time,5 Perform services,2 Six days,1 Not a factor for me,1 All by Prospect
TheRentalGuys.ca,5-Bottom50Percent,Site_2,2 Mostly B2B,2 Mostly in,4 Home or vehicle location,1 One to Four Employees,1 Full-time,5 Perform services,4 Seven days,1 Not a factor for me,"NA"
TITLE Boxing Club,5-Bottom50Percent,Site_2,5 Only B2C,1 Only indoors,1 Store retail location,2 Five to Nine Employees,1 Full-time,5 Perform services,4 Seven days,1 Not a factor for me,3 Some by Prospect and Franchise
Total Reporting,4 Top50Percent,Site_2,1 Only B2B,1 Only indoors,4 Home or vehicle location,1 One to Four Employees,2 Almost full-time,5 Perform services,1 Nine-to-Five on weekdays,1 Not a factor for me,3 Some by Prospect and Franchise
Totally Nutz,5-Bottom50Percent,Site_2,5 Only B2C,3 Even,4 Home or vehicle location,1 One to Four Employees,3 Part-time,3 Prepare and serve food,4 Seven days,1 Not a factor for me,2 Mostly by Prospect
Touching Hearts at Home,4 Top50Percent,Site_3,5 Only B2C,1 Only indoors,4 Home or vehicle location,2 Five to Nine Employees,1 Full-time,5 Perform services,5 Seven days 24/7,5 Major discounts/benefits to vets,"NA"
Transworld Business Advisors f/k/a Franchise Mart,5-Bottom50Percent,Site_3,3 Both,1 Only indoors,4 Home or vehicle location,1 One to Four Employees,1 Full-time,5 Perform services,1 Nine-to-Five on weekdays,1 Not a factor for me,"NA"
TruBlue Total House Care,5-Bottom50Percent,Site_2,5 Only B2C,1 Only indoors,4 Home or vehicle location,1 One to Four Employees,1 Full-time,1 Sell merchandise,4 Seven days,1 Not a factor for me,"NA"
Tuffy Auto Service Centers,4 Top50Percent,Site_3,5 Only B2C,2 Mostly in,1 Store retail location,3 Ten to Nineteen Employees,1 Full-time,4 Mostly perform services,5 Seven days 24/7,1 Not a factor for me,"NA"
Tutor Doctor,3 Top25Percent,Site_4,5 Only B2C,1 Only indoors,1 Store retail location,1 One to Four Employees,1 Full-time,1 Sell merchandise,1 Nine-to-Five on weekdays,1 Not a factor for me,1 All by Prospect
U-Turn Vending,3 Top25Percent,Site_2,5 Only B2C,3 Even,4 Home or vehicle location,1 One to Four Employees,3 Part-time,1 Sell merchandise,1 Nine-to-Five on weekdays,1 Not a factor for me,1 All by Prospect
U.S. Lawns,5-Bottom50Percent,Site_2,4 Mostly B2C,5 Only outdoors,4 Home or vehicle location,2 Five to Nine Employees,1 Full-time,5 Perform services,3 Six days/nights,1 Not a factor for me,"NA"
"UPS Store, The",3 Top25Percent,Site_3,3 Both,2 Mostly in,1 Store retail location,2 Five to Nine Employees,1 Full-time,5 Perform services,4 Seven days,2 Mild preference for vets,3 Some by Prospect and Franchise
USA Insulation,5-Bottom50Percent,Site_2,4 Mostly B2C,4 Mostly out,2 Store or Vehicle location,2 Five to Nine Employees,1 Full-time,5 Perform services,2 Six days,1 Not a factor for me,2 Mostly by Prospect
Valcor Worldwide,5-Bottom50Percent,Site_2,1 Only B2B,1 Only indoors,5 Work from home,1 One to Four Employees,1 Full-time,5 Perform services,1 Nine-to-Five on weekdays,1 Not a factor for me,"NA"
Victory Lane Quick Oil Change,4 Top50Percent,Site_3,4 Mostly B2C,2 Mostly in,1 Store retail location,2 Five to Nine Employees,1 Full-time,5 Perform services,4 Seven days,2 Mild preference for vets,2 Mostly by Prospect
VINCI Education,5-Bottom50Percent,Site_2,5 Only B2C,1 Only indoors,1 Store retail location,3 Ten to Nineteen Employees,1 Full-time,5 Perform services,2 Six days,1 Not a factor for me,2 Mostly by Prospect
Visiting Angels,5-Bottom50Percent,Site_2,5 Only B2C,1 Only indoors,2 Store or Vehicle location,4 Twenty to Forty-nine Employees,1 Full-time,5 Perform services,4 Seven days,2 Mild preference for vets,3 Some by Prospect and Franchise
Wag N' Wash,5-Bottom50Percent,Site_4,5 Only B2C,1 Only indoors,2 Store or Vehicle location,2 Five to Nine Employees,1 Full-time,5 Perform services,2 Six days,2 Mild preference for vets,3 Some by Prospect and Franchise
WaveMAX Coin Laundry,3 Top25Percent,Site_3,5 Only B2C,1 Only indoors,1 Store retail location,2 Five to Nine Employees,1 Full-time,5 Perform services,4 Seven days,1 Not a factor for me,2 Mostly by Prospect
Wayback Burgers f/k/a Jake's Hamburgers,4 Top50Percent,Site_4,5 Only B2C,1 Only indoors,2 Store or Vehicle location,3 Ten to Nineteen Employees,1 Full-time,3 Prepare and serve food,4 Seven days,1 Not a factor for me,"NA"
Wild Bird Center,4 Top50Percent,Site_2,5 Only B2C,1 Only indoors,1 Store retail location,2 Five to Nine Employees,1 Full-time,1 Sell merchandise,2 Six days,2 Mild preference for vets,3 Some by Prospect and Franchise
Wild Birds Unlimited,5-Bottom50Percent,Site_2,1 Only B2B,1 Only indoors,1 Store retail location,1 One to Four Employees,1 Full-time,1 Sell merchandise,2 Six days,1 Not a factor for me,3 Some by Prospect and Franchise
Wings Etc.,4 Top50Percent,Site_3,5 Only B2C,1 Only indoors,1 Store retail location,3 Ten to Nineteen Employees,1 Full-time,1 Sell merchandise,4 Seven days,1 Not a factor for me,"NA"
Woodys Bar-B-Q,4 Top50Percent,Site_2,5 Only B2C,1 Only indoors,1 Store retail location,3 Ten to Nineteen Employees,1 Full-time,1 Sell merchandise,4 Seven days,1 Not a factor for me,"NA"
Yogi Bear's Jellystone Park (TM) Camp-Resorts,4 Top50Percent,Site_3,5 Only B2C,5 Only outdoors,1 Store retail location,4 Twenty to Forty-nine Employees,1 Full-time,4 Mostly perform services,5 Seven days 24/7,1 Not a factor for me,"NA"
Young Rembrandts,5-Bottom50Percent,Site_2,5 Only B2C,1 Only indoors,4 Home or vehicle location,1 One to Four Employees,3 Part-time,5 Perform services,1 Nine-to-Five on weekdays,1 Not a factor for me,2 Mostly by Prospect
Ziebart,4 Top50Percent,Site_4,4 Mostly B2C,1 Only indoors,1 Store retail location,2 Five to Nine Employees,2 Almost full-time,2 Some merchandise sales,2 Six days,2 Mild preference for vets,2 Mostly by Prospect
